{
    "F16": {
        "inviscid": {
            "Cx": {
                "total": 0.0004706700370347752
            },
            "Cy": {
                "total": -0.006413495484985186
            },
            "Cz": {
                "total": -0.09104605538778639
            },
            "Cl": {
                "total": -0.0007518531850678655
            },
            "Cm": {
                "total": 0.021295590082249707
            },
            "Cn": {
                "total": 0.0030104436341937967
            },
            "CL": {
                "total": 0.09104655483696038
            },
            "CD": {
                "total": 0.00041995843823583744
            },
            "CS": {
                "total": -0.0064099253916157254
            },
            "Cl_w": {
                "total": 0.0006508490169743759
            },
            "Cm_w": {
                "total": 0.02131224249373119
            },
            "Cn_w": {
                "total": -0.0030171886617741117
            },
            "Fx": {
                "total": 8.069772155339725
            },
            "Fy": {
                "total": -109.96121106240416
            },
            "Fz": {
                "total": -1561.0106121278175
            },
            "Mx": {
                "total": -386.7221250786271
            },
            "My": {
                "total": 4133.146758324318
            },
            "Mz": {
                "total": 1548.4474665619246
            },
            "FL": {
                "total": 1561.019175326492
            },
            "FD": {
                "total": 7.200307316408005
            },
            "FS": {
                "total": -109.90000079236799
            },
            "Mx_w": {
                "total": 334.7697661571345
            },
            "My_w": {
                "total": 4136.378735473913
            },
            "Mz_w": {
                "total": -1551.916829266477
            }
        },
        "viscous": {
            "Cx": {
                "total": -0.0073021188314759174
            },
            "Cy": {
                "total": -6.489354264226171e-05
            },
            "Cz": {
                "total": 9.827269170515379e-05
            },
            "Cl": {
                "total": -5.333881875160177e-07
            },
            "Cm": {
                "total": 0.0003932218872408916
            },
            "Cn": {
                "total": 7.098797444734597e-06
            },
            "CL": {
                "total": -0.0001649982373491431
            },
            "CD": {
                "total": 0.0073012040351945725
            },
            "CS": {
                "total": 1.8278230293947378e-06
            },
            "Cl_w": {
                "total": -8.874413115157988e-07
            },
            "Cm_w": {
                "total": 0.0003932168140296751
            },
            "Cn_w": {
                "total": -7.1033753394565085e-06
            },
            "Fx": {
                "total": -125.19691202878177
            },
            "Fy": {
                "total": -1.1126183148921867
            },
            "Fz": {
                "total": 1.6849133549028998
            },
            "Mx": {
                "total": -0.2743527825175237
            },
            "My": {
                "total": 76.31832516848334
            },
            "Mz": {
                "total": 3.6513272642220596
            },
            "FL": {
                "total": -2.828941884273532
            },
            "FD": {
                "total": 125.18122758537527
            },
            "FS": {
                "total": 0.031338547659469036
            },
            "Mx_w": {
                "total": -0.4564630391782879
            },
            "My_w": {
                "total": 76.31734053615276
            },
            "Mz_w": {
                "total": -3.6536819435802164
            }
        },
        "total": {
            "Cx": -0.006831448794441143,
            "Cy": -0.006478389027627447,
            "Cz": -0.09094778269608124,
            "Cl": -0.0007523865732553814,
            "Cm": 0.021688811969490598,
            "Cn": 0.0030175424316385316,
            "CD": 0.0077211624734304105,
            "CS": -0.0064080975685863305,
            "CL": 0.09088155659961124,
            "Cl_w": 0.0006499615756628602,
            "Cm_w": 0.021705459307760865,
            "Cn_w": -0.0030242920371135683,
            "Fx": -117.12713987344205,
            "Fy": -111.07382937729635,
            "Fz": -1559.3256987729146,
            "Mx": -386.99647786114457,
            "My": 4209.465083492802,
            "Mz": 1552.0987938261467,
            "FD": 132.38153490178328,
            "FS": -109.86866224470852,
            "FL": 1558.1902334422184,
            "Mx_w": 334.3133031179562,
            "My_w": 4212.6960760100665,
            "Mz_w": -1555.5705112100572
        }
    }
}