{
    "tag": "Polynomial fit to database for 5biconvex airfoil.",
    "degrees_of_freedom": [
        "alpha"
    ],
    "defaults": {
        "alpha": 0.0,
        "Rey": 1000000.0,
        "Mach": 0.0,
        "trailing_flap_deflection": 0.0,
        "trailing_flap_fraction": 0.0
    },
    "fit_degrees": {
        "CL": [
            1
        ],
        "CD": [
            2
        ],
        "Cm": [
            1
        ]
    },
    "fit_error": {
        "CL": {
            "R^2": 0.9999456775154055,
            "RMS": 0.0025149551450415327,
            "RMSN": 0.008531606688723213
        },
        "CD": {
            "R^2": 0.9449720484954658,
            "RMS": 0.00011718141003308072,
            "RMSN": 0.02356194571710738
        },
        "Cm": {
            "R^2": 0.3590867016352979,
            "RMS": 0.0005316128712681429,
            "RMSN": 1.139170438431735
        }
    },
    "fit_coefs": {
        "CL": [
            -4.471142751860524e-17,
            6.457219469103728
        ],
        "CD": [
            0.00442855835240275,
            5.446506628064077e-19,
            0.1950971745519765
        ],
        "Cm": [
            -3.464815709627904e-20,
            0.00753030245029082
        ]
    }
}