{
    "tag": "Polynomial fit to database for 64A204 airfoil.",
    "degrees_of_freedom": [
        "alpha"
    ],
    "defaults": {
        "alpha": 0.0,
        "Rey": 1000000.0,
        "Mach": 0.0,
        "trailing_flap_deflection": 0.0,
        "trailing_flap_fraction": 0.0
    },
    "fit_degrees": {
        "CL": [
            1
        ],
        "CD": [
            2
        ],
        "Cm": [
            1
        ]
    },
    "fit_error": {
        "CL": {
            "R^2": 0.9988467377006855,
            "RMS": 0.008528591416717586,
            "RMSN": 0.02599858300086334
        },
        "CD": {
            "R^2": 0.7602763974007355,
            "RMS": 0.0002454938683943148,
            "RMSN": 0.050283580545465494
        },
        "Cm": {
            "R^2": 0.42344104731487453,
            "RMS": 0.0017288079373346179,
            "RMSN": 0.04174919175511868
        }
    },
    "fit_coefs": {
        "CL": [
            0.17639522058823526,
            6.2392997427264545
        ],
        "CD": [
            0.00460201943277311,
            0.009054037163651139,
            0.03946034383610081
        ],
        "Cm": [
            -0.04221286764705882,
            0.03682939003701213
        ]
    }
}