{
    "tag": "Polynomial fit to database for 4biconvex airfoil.",
    "degrees_of_freedom": [
        "alpha"
    ],
    "defaults": {
        "alpha": 0.0,
        "Rey": 1000000.0,
        "Mach": 0.0,
        "trailing_flap_deflection": 0.0,
        "trailing_flap_fraction": 0.0
    },
    "fit_degrees": {
        "CL": [
            1
        ],
        "CD": [
            2
        ],
        "Cm": [
            1
        ]
    },
    "fit_error": {
        "CL": {
            "R^2": 0.9999791561024827,
            "RMS": 0.001620682439667933,
            "RMSN": 0.005297921793862485
        },
        "CD": {
            "R^2": 0.8572300282884666,
            "RMS": 0.00037286108235437754,
            "RMSN": 0.07185479863171255
        },
        "Cm": {
            "R^2": 0.6357351290684623,
            "RMS": 0.0005179106148349131,
            "RMSN": 0.7303867645107749
        }
    },
    "fit_coefs": {
        "CL": [
            -4.2550365683957207e-17,
            6.431711685704913
        ],
        "CD": [
            0.004154592074592075,
            7.09786301487786e-18,
            0.3396059342972523
        ],
        "Cm": [
            -1.2169797091146692e-19,
            0.01239672320373963
        ]
    }
}